﻿designator,quantity,value,pack,mpn,mount_type
"C1, C2",2,20p,C_0603_1608Metric,,smt
"C10, C11, C12, C13, C14, C16, C20, C21, C25, C26, C27, C28, C29, C3, C30, C7, C9",17,100n,C_0603_1608Metric,,smt
"C15, C19, C22, C23, C24, C4",6,1u,C_0603_1608Metric,,smt
"C17, C18, C5, C6",4,22u,C_0603_1608Metric,,smt
C8,1,4.7u,C_0603_1608Metric,,smt
D1,1,STATUS,LED_0805_2012Metric,,smt
D2,1,SD103AW,D_SOD-123,,smt
J1,1,B_SW,Pad 02x01,,smt
J10,1,M2,Pad 02x01,,smt
J11,1,M3,Pad 02x01,,smt
J2,1,2s Battery,Pad 02x01,,smt
J4,1,USB-C_304A-ACP16X,USB_C_304A-ACP16X,,smt
J5,1,custom analog 2,Pad 03x01,,smt
J6,1,custom analog 1,Pad 03x01,,smt
J7,1,servo 2,Pad 03x01,,smt
J8,1,servo 1 (HV),Pad 03x01,,smt
J9,1,M1,Pad 02x01,,smt
JP1,1,SERVO2 PW,SolderJumper-3_P1.3mm_Open_RoundedPad1.0x1.5mm_NumberLabels,,tht
L1,1,3.3u,XRCD43-3R3M,,smt
"R1, R3, R7",3,10k,R_0603_1608Metric,,smt
"R10, R11, R2, R5, R8, R9",6,5.1k,R_0603_1608Metric,,smt
R4,1,1k,R_0603_1608Metric,,smt
R6,1,54.9k,R_0603_1608Metric,,smt
SW1,1,BOOT0,SW-SMD_TS24CA SMD BUTTO 90deg,,tht
SW2,1,RESET,SW-SMD_TS24CA SMD BUTTO 90deg,,tht
TP1,1,RST,TestPoint_Pad_D1.0mm,,tht
TP2,1,SWDIO,TestPoint_Pad_D1.0mm,,tht
TP3,1,SWCLK,TestPoint_Pad_D1.0mm,,tht
TP4,1,3V3,TestPoint_Pad_D1.0mm,,tht
TP5,1,GND,TestPoint_Pad_D1.0mm,,tht
U1,1,TPS563201DDCR,SOT-23-6,,smt
U2,1,STM32F070CBTx,LQFP-48_7x7mm_P0.5mm,,smt
U3,1,XC6206PxxxMR,SOT-23-3,,smt
U4,1,FS2A 4CH reciever,FS2A 4CH reciever,,tht
"U5, U6, U7",3,DRV8838,WSON-8-1EP_2x2mm_P0.5mm_EP0.9x1.6mm,,smt
"U8, U9",2,SN74LVC1T45DCK,SOT-363_SC-70-6,,smt
Y1,1,TAXM8M4RLBDDT2T,Crystal_SMD_3225-4Pin_3.2x2.5mm,,smt
kibuzzard-667D9F03,1,G***,kibuzzard-667D9F03,,tht
kibuzzard-667D9F0F,1,G***,kibuzzard-667D9F0F,,tht
kibuzzard-667D9F19,1,G***,kibuzzard-667D9F19,,tht
kibuzzard-667D9F1D,1,G***,kibuzzard-667D9F1D,,tht
kibuzzard-667D9F22,1,G***,kibuzzard-667D9F22,,tht
kibuzzard-667D9F2A,1,G***,kibuzzard-667D9F2A,,tht
kibuzzard-667D9F56,1,G***,kibuzzard-667D9F56,,tht
kibuzzard-667D9F7A,1,G***,kibuzzard-667D9F7A,,tht
kibuzzard-667D9F7E,1,G***,kibuzzard-667D9F7E,,tht
kibuzzard-667D9F87,1,G***,kibuzzard-667D9F87,,tht
kibuzzard-667D9F8D,1,G***,kibuzzard-667D9F8D,,tht
kibuzzard-667D9F91,1,G***,kibuzzard-667D9F91,,tht
kibuzzard-667D9F97,1,G***,kibuzzard-667D9F97,,tht
kibuzzard-667D9FA0,1,G***,kibuzzard-667D9FA0,,tht
kibuzzard-667D9FA9,1,G***,kibuzzard-667D9FA9,,tht
kibuzzard-667D9FAD,1,G***,kibuzzard-667D9FAD,,tht
kibuzzard-667D9FB5,1,G***,kibuzzard-667D9FB5,,tht
kibuzzard-6682445F,1,G***,kibuzzard-6682445F,,tht
