﻿Designator,Quantity,Value,Footprint,Package,MPN,DNP,Mount_Type,Description,LCSC
"C1, C2",2,20p,C_0603_1608Metric,,,,smt,Unpolarized capacitor,C91702
"C10, C11, C12, C13, C14, C16, C20, C21, C25, C26, C27, C28, C29, C3, C30, C31, C7, C9",18,100n,C_0603_1608Metric,,,,smt,Unpolarized capacitor, C282519
"C15, C19, C22, C23, C24, C4",6,1u,C_0603_1608Metric,,,,smt,Unpolarized capacitor, C1592
"C17, C18, C5, C6",4,22u,C_0603_1608Metric,,,,smt,Unpolarized capacitor,C86295
C8,1,4.7u,C_0603_1608Metric,,,,smt,Unpolarized capacitor,C307467
D1,1,STATUS,LED_0805_2012Metric,,,,smt,Light emitting diode,C84259
D2,1,SD103AW,D_SOD-123,,,,smt,Schottky diode,C181207
J1,1,B_SW,Pad 02x01,,,,smt,"Generic connector, single row, 01x02, script generated (kicad-library-utils/schlib/autogen/connector/)",
J10,1,M2,Pad 02x01,,,,smt,"Generic connector, single row, 01x02, script generated (kicad-library-utils/schlib/autogen/connector/)",
J11,1,M3,Pad 02x01,,,,smt,"Generic connector, single row, 01x02, script generated (kicad-library-utils/schlib/autogen/connector/)",
J2,1,2s Battery,Pad 02x01,,,,smt,"Generic connector, single row, 01x02, script generated (kicad-library-utils/schlib/autogen/connector/)",
J4,1,USB-C_304A-ACP16X,USB_C_304A-ACP16X,,,,smt,,C2909609
J5,1,custom analog 2,Pad 03x01,,,,smt,"Generic connector, single row, 01x03, script generated (kicad-library-utils/schlib/autogen/connector/)",
J6,1,custom analog 1,Pad 03x01,,,,smt,"Generic connector, single row, 01x03, script generated (kicad-library-utils/schlib/autogen/connector/)",
J7,1,servo 2,Pad 03x01,,,,smt,"Generic connector, single row, 01x03, script generated (kicad-library-utils/schlib/autogen/connector/)",
J8,1,servo 1 (HV),Pad 03x01,,,,smt,"Generic connector, single row, 01x03, script generated (kicad-library-utils/schlib/autogen/connector/)",
J9,1,M1,Pad 02x01,,,,smt,"Generic connector, single row, 01x02, script generated (kicad-library-utils/schlib/autogen/connector/)",
JP1,1,SERVO2 PW,SolderJumper-3_P1.3mm_Open_RoundedPad1.0x1.5mm_NumberLabels,,,,tht,"Jumper, 3-pole, both open",
L1,1,3.3u,XRCD43-3R3M,,,,smt,Inductor,C5289396
"R1, R3, R7",3,10k,R_0603_1608Metric,,,,smt,Resistor,C103199
"R10, R11, R12, R13, R2, R5, R8, R9",8,5.1k,R_0603_1608Metric,,,,smt,Resistor,C23186
R4,1,1k,R_0603_1608Metric,,,,smt,Resistor,C103198
R6,1,54.9k,R_0603_1608Metric,,,,smt,Resistor,C23077
"SW1, SW2",2,RESET,SW-SMD_TS24CA SMD BUTTO 90deg,,,,tht,"Push button switch, generic, two pins",C393942
TP1,1,RST,TestPoint_Pad_D1.0mm,,,,tht,test point,
TP2,1,SWDIO,TestPoint_Pad_D1.0mm,,,,tht,test point,
TP3,1,SWCLK,TestPoint_Pad_D1.0mm,,,,tht,test point,
TP4,1,3V3,TestPoint_Pad_D1.0mm,,,,tht,test point,
TP5,1,GND,TestPoint_Pad_D1.0mm,,,,tht,test point,
U1,1,TPS563200,SOT-23-6,,,,smt,"3A Synchronous Step-Down Voltage Regulator, Adjustable Output Voltage, 4.5-17V Input Voltage, SOT-23-6",C97253
U10,1,AT24C02C,SOT-23-5,,,,smt,"I2C Serial EEPROM, 2Kb (256x8) with Unique Serial Number, SOT-23-5",
U2,1,STM32F070CBTx,LQFP-48_7x7mm_P0.5mm,,,,smt,"STMicroelectronics Arm Cortex-M0 MCU, 128KB flash, 16KB RAM, 48 MHz, 2.4-3.6V, 37 GPIO, LQFP48",C74909
U3,1,XC6206PxxxMR,SOT-23-3,,,,smt,"Positive 60-250mA Low Dropout Regulator, Fixed Output, SOT-23",C5148692
U4,1,FS2A 4CH reciever,FS2A 4CH reciever,,,,tht,,
"U5, U6, U7",3,DRV8838,WSON-8-1EP_2x2mm_P0.5mm_EP0.9x1.6mm,,,,smt,"H-Bridge driver, 1.8A, Low Voltage, PH/EN input, WSON-8",C86667
"U8, U9",2,SN74LVC1T45DCK,SOT-363_SC-70-6,,,,smt,"Single-Bit Dual-Supply Bus Transceiver With Configurable Voltage Translation and 3-State Outputs, SOT-363",
Y1,1,TAXM8M4RLBDDT2T,Crystal_SMD_3225-4Pin_3.2x2.5mm,,,,smt,"Four pin crystal, GND on pins 2 and 4, small symbol",C720915
kibuzzard-667D9F03,1,G***,kibuzzard-667D9F03,,,,tht,,
kibuzzard-667D9F0F,1,G***,kibuzzard-667D9F0F,,,,tht,,
kibuzzard-667D9F19,1,G***,kibuzzard-667D9F19,,,,tht,,
kibuzzard-667D9F22,1,G***,kibuzzard-667D9F22,,,,tht,,
kibuzzard-667D9F2A,1,G***,kibuzzard-667D9F2A,,,,tht,,
kibuzzard-667D9F56,1,G***,kibuzzard-667D9F56,,,,tht,,
kibuzzard-667D9F7E,1,G***,kibuzzard-667D9F7E,,,,tht,,
kibuzzard-667D9F87,1,G***,kibuzzard-667D9F87,,,,tht,,
kibuzzard-667D9F8D,1,G***,kibuzzard-667D9F8D,,,,tht,,
kibuzzard-667D9F91,1,G***,kibuzzard-667D9F91,,,,tht,,
kibuzzard-667D9F97,1,G***,kibuzzard-667D9F97,,,,tht,,
kibuzzard-667D9FA0,1,G***,kibuzzard-667D9FA0,,,,tht,,
kibuzzard-667D9FA9,1,G***,kibuzzard-667D9FA9,,,,tht,,
kibuzzard-667D9FAD,1,G***,kibuzzard-667D9FAD,,,,tht,,
kibuzzard-667D9FB5,1,G***,kibuzzard-667D9FB5,,,,tht,,
kibuzzard-669B8939,1,G***,kibuzzard-669B8939,,,,tht,,
kibuzzard-669B8C44,1,G***,kibuzzard-669B8C44,,,,tht,,
kibuzzard-66A643AC,1,G***,kibuzzard-66A643AC,,,,tht,,
kibuzzard-66A6444D,1,G***,kibuzzard-66A6444D,,,,tht,,
