﻿pos_x,pos_y,rotation,side,designator,mpn,pack,footprint,value,mount_type,place
144.8308,-91.8972,-45.0,top,C1,,,C_0603_1608Metric,20p,smt,True
156.8704,-92.8116,-135.0,top,C10,,,C_0603_1608Metric,100n,smt,True
153.543,-81.28,135.0,top,C11,,,C_0603_1608Metric,100n,smt,True
145.7198,-87.7824,135.0,top,C12,,,C_0603_1608Metric,100n,smt,True
144.653,-88.8492,135.0,top,C13,,,C_0603_1608Metric,100n,smt,True
144.145,-87.122,90.0,bottom,C14,,,C_0603_1608Metric,100n,smt,True
151.0284,-98.4504,-135.0,top,C15,,,C_0603_1608Metric,1u,smt,True
149.9616,-97.3836,-135.0,top,C16,,,C_0603_1608Metric,100n,smt,True
143.383,-84.836,0.0,bottom,C17,,,C_0603_1608Metric,22u,smt,True
143.383,-83.312,0.0,bottom,C18,,,C_0603_1608Metric,22u,smt,True
151.765,-79.375,-90.0,bottom,C19,,,C_0603_1608Metric,1u,smt,True
140.7668,-95.9612,135.0,top,C2,,,C_0603_1608Metric,20p,smt,True
150.241,-79.375,-90.0,bottom,C20,,,C_0603_1608Metric,100n,smt,True
149.479,-91.6178,-90.0,bottom,C21,,,C_0603_1608Metric,100n,smt,True
143.843,-91.882,-90.0,bottom,C22,,,C_0603_1608Metric,1u,smt,True
141.224,-87.1474,-90.0,bottom,C23,,,C_0603_1608Metric,1u,smt,True
141.224,-93.3704,-90.0,bottom,C24,,,C_0603_1608Metric,1u,smt,True
155.1845,-96.5315,0.0,bottom,C25,,,C_0603_1608Metric,100n,smt,True
155.1845,-90.1815,0.0,bottom,C26,,,C_0603_1608Metric,100n,smt,True
155.1845,-83.8315,0.0,bottom,C27,,,C_0603_1608Metric,100n,smt,True
155.1845,-98.0555,180.0,bottom,C28,,,C_0603_1608Metric,100n,smt,True
155.1845,-91.7055,180.0,bottom,C29,,,C_0603_1608Metric,100n,smt,True
146.812,-79.0448,0.0,top,C3,,,C_0603_1608Metric,100n,smt,True
155.1845,-85.3555,180.0,bottom,C30,,,C_0603_1608Metric,100n,smt,True
142.8496,-84.2772,-90.0,top,C31,,,C_0603_1608Metric,100n,smt,True
156.464,-97.9678,-90.0,top,C4,,,C_0603_1608Metric,1u,smt,True
143.129,-80.772,-90.0,bottom,C5,,,C_0603_1608Metric,22u,smt,True
144.653,-80.772,-90.0,bottom,C6,,,C_0603_1608Metric,22u,smt,True
146.177,-80.772,-90.0,bottom,C7,,,C_0603_1608Metric,100n,smt,True
147.828,-95.25,-135.0,top,C8,,,C_0603_1608Metric,4.7u,smt,True
148.8948,-96.3168,-135.0,top,C9,,,C_0603_1608Metric,100n,smt,True
139.3444,-93.5228,45.0,top,D1,,,LED_0805_2012Metric,STATUS,smt,True
154.8638,-78.613,0.0,bottom,D2,,,D_SOD-123,SD103AW,smt,True
154.2796,-69.8246,90.0,bottom,J1,,,Pad 02x01,B_SW,smt,False
158.496,-91.948,180.0,bottom,J10,,,Pad 02x01,M2,smt,False
158.496,-85.6045,180.0,bottom,J11,,,Pad 02x01,M3,smt,False
158.6325,-80.5115,0.0,bottom,J2,,,Pad 02x01,2s Battery,smt,False
154.293,-70.3555,180.0,top,J4,,,USB_C_304A-ACP16X,USB-C_304A-ACP16X,smt,True
138.570905,-91.313,0.0,bottom,J5,,,Pad 03x01,custom analog 2,smt,False
138.610905,-97.536,0.0,bottom,J6,,,Pad 03x01,custom analog 1,smt,False
142.515905,-100.022096,90.0,bottom,J7,,,Pad 03x01,servo 2,smt,False
149.098,-100.022096,90.0,bottom,J8,,,Pad 03x01,servo 1 (HV),smt,False
158.496,-98.298,180.0,bottom,J9,,,Pad 02x01,M1,smt,False
146.8628,-97.4852,180.0,bottom,JP1,,,SolderJumper-3_P1.3mm_Open_RoundedPad1.0x1.5mm_NumberLabels,SERVO2 PW,tht,False
139.573,-82.55,-90.0,bottom,L1,,,XRCD43-3R3M,3.3u,smt,True
154.686,-95.6818,180.0,top,R1,,,R_0603_1608Metric,10k,smt,True
141.224,-90.1954,90.0,bottom,R10,,,R_0603_1608Metric,5.1k,smt,True
141.224,-96.4184,90.0,bottom,R11,,,R_0603_1608Metric,5.1k,smt,True
141.3764,-82.55,90.0,top,R12,,,R_0603_1608Metric,5.1k,smt,True
138.43,-98.0948,90.0,top,R13,,,R_0603_1608Metric,5.1k,smt,True
153.416,-97.9678,-90.0,top,R2,,,R_0603_1608Metric,5.1k,smt,True
154.94,-97.9678,-90.0,top,R3,,,R_0603_1608Metric,10k,smt,True
145.3896,-94.8436,45.0,top,R4,,,R_0603_1608Metric,1k,smt,True
141.6304,-91.2368,45.0,top,R5,,,R_0603_1608Metric,5.1k,smt,True
147.13,-89.408,0.0,bottom,R6,,,R_0603_1608Metric,54.9k,smt,True
147.13,-87.884,180.0,bottom,R7,,,R_0603_1608Metric,10k,smt,True
155.0416,-75.819,-90.0,bottom,R8,,,R_0603_1608Metric,5.1k,smt,True
153.5684,-75.819,-90.0,bottom,R9,,,R_0603_1608Metric,5.1k,smt,True
139.319,-85.09,90.0,top,SW1,,,SW-SMD_TS24CA SMD BUTTO 90deg,RESET,tht,True
139.319,-79.629,90.0,top,SW2,,,SW-SMD_TS24CA SMD BUTTO 90deg,RESET,tht,True
146.05,-97.028,0.0,top,TP1,,,TestPoint_Pad_D1.0mm,RST,tht,False
155.448,-83.058,0.0,top,TP2,,,TestPoint_Pad_D1.0mm,SWDIO,tht,False
152.146,-82.423,0.0,top,TP3,,,TestPoint_Pad_D1.0mm,SWCLK,tht,False
138.9634,-89.0016,0.0,top,TP4,,,TestPoint_Pad_D1.0mm,3V3,tht,False
138.9126,-91.0844,0.0,top,TP5,,,TestPoint_Pad_D1.0mm,GND,tht,False
146.939,-84.582,-90.0,bottom,U1,,,SOT-23-6,TPS563200,smt,True
145.6436,-84.3929,180.0,top,U10,,,SOT-23-5,AT24C02C,smt,True
152.4,-88.9,45.0,top,U2,,,LQFP-48_7x7mm_P0.5mm,STM32F070CBTx,smt,True
146.637,-91.882,0.0,bottom,U3,,,SOT-23-3,XC6206PxxxMR,smt,True
146.812,-70.358,180.0,top,U4,,,FS2A 4CH reciever,FS2A 4CH reciever,tht,False
154.9305,-100.0875,180.0,bottom,U5,,,WSON-8-1EP_2x2mm_P0.5mm_EP0.9x1.6mm,DRV8838,smt,True
154.9305,-93.7375,180.0,bottom,U6,,,WSON-8-1EP_2x2mm_P0.5mm_EP0.9x1.6mm,DRV8838,smt,True
154.9305,-87.3875,180.0,bottom,U7,,,WSON-8-1EP_2x2mm_P0.5mm_EP0.9x1.6mm,DRV8838,smt,True
140.589,-99.568,90.0,top,U8,,,SOT-363_SC-70-6,SN74LVC1T45DCK,smt,True
146.685,-99.695,90.0,top,U9,,,SOT-363_SC-70-6,SN74LVC1T45DCK,smt,True
142.7988,-93.9292,-135.0,top,Y1,,,Crystal_SMD_3225-4Pin_3.2x2.5mm,TAXM8M4RLBDDT2T,smt,True
149.987,-82.042,0.0,top,kibuzzard-667D9F03,,,kibuzzard-667D9F03,G***,tht,False
156.972,-84.074,0.0,top,kibuzzard-667D9F0F,,,kibuzzard-667D9F0F,G***,tht,False
141.351,-79.629,-90.0,top,kibuzzard-667D9F19,,,kibuzzard-667D9F19,G***,tht,False
140.1572,-89.027,-90.0,top,kibuzzard-667D9F22,,,kibuzzard-667D9F22,G***,tht,False
137.795,-91.1098,-90.0,top,kibuzzard-667D9F2A,,,kibuzzard-667D9F2A,G***,tht,False
144.1196,-97.6884,0.0,top,kibuzzard-667D9F56,,,kibuzzard-667D9F56,G***,tht,False
158.623,-77.1144,180.0,bottom,kibuzzard-667D9F7E,,,kibuzzard-667D9F7E,G***,tht,False
140.120297,-89.315742,90.0,bottom,kibuzzard-667D9F87,,,kibuzzard-667D9F87,G***,tht,False
140.16001,-95.491195,90.0,bottom,kibuzzard-667D9F8D,,,kibuzzard-667D9F8D,G***,tht,False
146.812,-96.012,180.0,bottom,kibuzzard-667D9F91,,,kibuzzard-667D9F91,G***,tht,False
150.495,-94.742,180.0,bottom,kibuzzard-667D9F97,,,kibuzzard-667D9F97,G***,tht,False
151.257,-98.933,90.0,bottom,kibuzzard-667D9FA0,,,kibuzzard-667D9FA0,G***,tht,False
158.496,-96.901,180.0,bottom,kibuzzard-667D9FA9,,,kibuzzard-667D9FA9,G***,tht,False
158.496,-90.551,180.0,bottom,kibuzzard-667D9FAD,,,kibuzzard-667D9FAD,G***,tht,False
158.496,-84.201,180.0,bottom,kibuzzard-667D9FB5,,,kibuzzard-667D9FB5,G***,tht,False
155.321,-77.216,0.0,top,kibuzzard-669B8939,,,kibuzzard-669B8939,G***,tht,False
141.3256,-85.344,-90.0,top,kibuzzard-669B8C44,,,kibuzzard-669B8C44,G***,tht,False
154.2796,-71.628,0.0,bottom,kibuzzard-66A643AC,,,kibuzzard-66A643AC,G***,tht,False
154.2542,-72.7964,180.0,bottom,kibuzzard-66A6444D,,,kibuzzard-66A6444D,G***,tht,False
